Month,Link
July 2018,https://news.ycombinator.com/item?id=17442187
June 2018,https://news.ycombinator.com/item?id=17205865
May 2018,https://news.ycombinator.com/item?id=16967543
April 2018,https://news.ycombinator.com/item?id=16735011
March 2018,https://news.ycombinator.com/item?id=16492994
February 2018,https://news.ycombinator.com/item?id=16282819
January 2018,https://news.ycombinator.com/item?id=16052538
December 2017,https://news.ycombinator.com/item?id=15824597
November 2017,https://news.ycombinator.com/item?id=15601729
October 2017,https://news.ycombinator.com/item?id=15384262
September 2017,https://news.ycombinator.com/item?id=15148885
August 2017,https://news.ycombinator.com/item?id=14901313
July 2017,https://news.ycombinator.com/item?id=14688684
June 2017,https://news.ycombinator.com/item?id=14460777
May 2017,https://news.ycombinator.com/item?id=14238005
April 2017,https://news.ycombinator.com/item?id=14023198
March 2017,https://news.ycombinator.com/item?id=13764728
February 2017,https://news.ycombinator.com/item?id=13541679
January 2017,https://news.ycombinator.com/item?id=13301832
December 2016,https://news.ycombinator.com/item?id=13080280
November 2016,https://news.ycombinator.com/item?id=12846216
October 2016,https://news.ycombinator.com/item?id=12627852
September 2016,https://news.ycombinator.com/item?id=12405698
August 2016,https://news.ycombinator.com/item?id=12202865
July 2016,https://news.ycombinator.com/item?id=12016568
June 2016,https://news.ycombinator.com/item?id=11814828
May 2016,https://news.ycombinator.com/item?id=11611867
April 2016,https://news.ycombinator.com/item?id=11405239
March 2016,https://news.ycombinator.com/item?id=11202954
February 2016,https://news.ycombinator.com/item?id=11012044
January 2016,https://news.ycombinator.com/item?id=10822019
December 2015,https://news.ycombinator.com/item?id=10655740
November 2015,https://news.ycombinator.com/item?id=10492086
October 2015,https://news.ycombinator.com/item?id=10311580
September 2015,https://news.ycombinator.com/item?id=10152809
August 2015,https://news.ycombinator.com/item?id=9996333
July 2015,https://news.ycombinator.com/item?id=9812245
June 2015,https://news.ycombinator.com/item?id=9639001
May 2015,https://news.ycombinator.com/item?id=9471287
April 2015,https://news.ycombinator.com/item?id=9303396
March 2015,https://news.ycombinator.com/item?id=9127232
February 2015,https://news.ycombinator.com/item?id=8980047
January 2015,https://news.ycombinator.com/item?id=8822808
December 2014,https://news.ycombinator.com/item?id=8681040
November 2014,https://news.ycombinator.com/item?id=8542892
October 2014,https://news.ycombinator.com/item?id=8394339
September 2014,https://news.ycombinator.com/item?id=8252715
August 2014,https://news.ycombinator.com/item?id=8120070
July 2014,https://news.ycombinator.com/item?id=7970366
June 2014,https://news.ycombinator.com/item?id=7829042
May 2014,https://news.ycombinator.com/item?id=7679431
April 2014,https://news.ycombinator.com/item?id=7507765
March 2014,https://news.ycombinator.com/item?id=7324236
February 2014,https://news.ycombinator.com/item?id=7162197
January 2014,https://news.ycombinator.com/item?id=6995020
December 2013,https://news.ycombinator.com/item?id=6827554
November 2013,https://news.ycombinator.com/item?id=6653437
October 2013,https://news.ycombinator.com/item?id=6475879
September 2013,https://news.ycombinator.com/item?id=6310234
August 2013,https://news.ycombinator.com/item?id=6139927
July 2013,https://news.ycombinator.com/item?id=5970187
June 2013,https://news.ycombinator.com/item?id=5803764
May 2013,https://news.ycombinator.com/item?id=5637663
April 2013,https://news.ycombinator.com/item?id=5472746
March 2013,https://news.ycombinator.com/item?id=5304169
February 2013,https://news.ycombinator.com/item?id=5150834
January 2013,https://news.ycombinator.com/item?id=4992617
December 2012,https://news.ycombinator.com/item?id=4857714
November 2012,https://news.ycombinator.com/item?id=4727241
October 2012,https://news.ycombinator.com/item?id=4596375
September 2012,https://news.ycombinator.com/item?id=4463689
August 2012,https://news.ycombinator.com/item?id=4323597
July 2012,https://news.ycombinator.com/item?id=4184755
June 2012,https://news.ycombinator.com/item?id=4053076
May 2012,https://news.ycombinator.com/item?id=3913997
April 2012,https://news.ycombinator.com/item?id=3783657
March 2012,https://news.ycombinator.com/item?id=3652041
February 2012,https://news.ycombinator.com/item?id=3537881
January 2012,https://news.ycombinator.com/item?id=3412900
December 2011,https://news.ycombinator.com/item?id=3300290
November 2011,https://news.ycombinator.com/item?id=3181796
October 2011,https://news.ycombinator.com/item?id=3060221
September 2011,https://news.ycombinator.com/item?id=2949787
August 2011,https://news.ycombinator.com/item?id=2831646
July 2011,https://news.ycombinator.com/item?id=2719028
June 2011,https://news.ycombinator.com/item?id=2607052
May 2011,https://news.ycombinator.com/item?id=2503204
April 2011,https://news.ycombinator.com/item?id=2396027

